<?xml version="1.0" encoding="UTF-8"?>
<project-private xmlns="http://www.netbeans.org/ns/project-private/1">
    <editor-bookmarks xmlns="http://www.netbeans.org/ns/editor-bookmarks/2" lastBookmarkId="0"/>
    <open-files xmlns="http://www.netbeans.org/ns/projectui-open-files/1">
        <file>file:/C:/Users/Zach/Documents/GitHub/KnewtonChallange/KnewtonChallange/src/com/zacharrigoni/models/PlaylistManager.java</file>
        <file>file:/C:/Users/Zach/Documents/GitHub/KnewtonChallange/KnewtonChallange/src/com/zacharrigoni/KnewtonChallange.java</file>
        <file>file:/C:/Users/Zach/Documents/GitHub/KnewtonChallange/KnewtonChallange/src/com/zacharrigoni/models/Playlist.java</file>
        <file>file:/C:/Users/Zach/Documents/GitHub/KnewtonChallange/KnewtonChallange/src/com/zacharrigoni/models/ArtistList.java</file>
        <file>file:/C:/Users/Zach/Documents/GitHub/KnewtonChallange/KnewtonChallange/src/com/zacharrigoni/models/Artist.java</file>
        <file>file:/C:/Users/Zach/Documents/GitHub/KnewtonChallange/KnewtonChallange/src/com/zacharrigoni/models/ArtistPair.java</file>
    </open-files>
</project-private>
